,legislatura,nome_parlamentar,sigla_partido,acoes
0,56,BACELAR,Podemos,1
89,56,LAERCIO OLIVEIRA,PP,1
160,56,MAURO BENEVIDES,MDB,1
161,56,PEDRO UCZAI,PT,1
164,56,GIL CUTRIM,PDT,1
165,56,DIEGO GARCIA,Podemos,1
80,56,ARTHUR OLIVEIRA MAIA,DEM,1
166,56,LEUR LOMANTO JÚNIOR,DEM,1
167,56,ALAN RICK,DEM,1
77,56,DAVID MIRANDA,PSOL,1
169,56,ADRIANO DO BALDY,PP,1
170,56,MIGUEL LOMBARDI,PR,1
73,56,ABOU ANNI,PSL,1
72,56,JEFFERSON CAMPOS,PSB,1
171,56,ROSANA VALLE,PSB,1
175,56,ANDRÉ FIGUEIREDO,PDT,1
130,56,CELSO MALDANER,MDB,1
63,56,ALIEL MACHADO,PSB,1
61,56,LOURIVAL GOMES,PSL,1
59,56,GURGEL,PSL,1
179,56,FLAVIANO MELO,MDB,1
56,56,DELEGADO MARCELO FREITAS,PSL,1
159,56,GERVÁSIO MAIA,PSB,1
91,56,WILSON SANTIAGO,PTB,1
92,56,MARGARETE COELHO,PP,1
93,56,CAPITÃO ALBERTO NETO,PRB,1
132,56,PAULO TEIXEIRA,PT,1
133,56,DAVID SOARES,DEM,1
126,56,CLARISSA GAROTINHO,PROS,1
134,56,PADRE JOÃO,PT,1
135,56,AMARO NETO,PRB,1
123,56,SIDNEY LEITE,PSD,1
120,56,JOSIMAR MARANHÃOZINHO,PR,1
140,56,CAMILO CAPIBERIBE,PSB,1
115,56,DELEGADO ANTÔNIO FURTADO,PSL,1
146,56,GOULART,PSD,1
54,56,VINICIUS CARVALHO,PRB,1
110,56,AIRTON FALEIRO,PT,1
150,56,TABATA AMARAL,PDT,1
105,56,FERNANDO RODOLFO,PR,1
104,56,SÁ,PR,1
206,56,REINHOLD STEPHANES JUNIOR,PSD,1
152,56,EDUARDO BISMARCK,PDT,1
153,56,CELINA LEÃO,PP,1
100,56,EXPEDITO NETTO,PSD,1
97,56,JOÃO ROMA,PRB,1
156,56,EVANDRO ROMAN,PSD,1
158,56,FLAVIO NOGUEIRA,PDT,1
107,56,NELSON PELLEGRINO,PT,1
52,56,VERMELHO,PSD,1
176,56,GENERAL PETERNELLI,PSL,1
25,56,PEDRO AUGUSTO BEZERRA,PTB,1
196,56,LUIZA ERUNDINA,PSOL,1
33,56,REINHOLD STEPHANES,PSD,1
34,56,PROFESSORA DAYANE PIMENTEL,PSL,1
195,56,LÉO MOTTA,PSL,1
13,56,BIA KICIS,PSL,1
194,56,ALEX MANENTE,Cidadania,1
200,56,HUGO MOTTA,PRB,1
38,56,FELIPE RIGONI,PSB,1
201,56,GUSTAVO FRUET,PDT,1
15,56,ISNALDO BULHÕES JR.,MDB,1
29,56,ÁTILA LIRA,PSB,1
16,56,MAURO NAZIF,PSB,1
8,56,JOICE HASSELMANN,PSL,1
17,56,ROSE MODESTO,PSDB,1
191,56,ZÉ VITOR,PR,1
190,56,GEOVANIA DE SÁ,PSDB,1
198,56,PEDRO CUNHA LIMA,PSDB,1
189,56,JOSÉ GUIMARÃES,PT,1
44,56,LUIZÃO GOULART,PRB,1
24,56,MÁRIO HERINGER,PDT,1
6,56,RUBENS OTONI,PT,1
46,56,CUNHA LIMA,PPB,1
205,56,IDILVAN ALENCAR,PDT,1
23,56,JOSÉ GUIMARÃES,PR,1
3,56,FERNANDA MELCHIONNA,PSOL,1
22,56,CHIQUINHO BRAZÃO,Avante,1
21,56,MAURO BENEVIDES FILHO,PDT,1
31,56,ELCIONE BARBALHO,MDB,1
30,56,LUIZ FLÁVIO GOMES,PSB,1
18,56,GENINHO ZULIANI,DEM,2
19,56,TEREZA NELMA,PSDB,2
11,56,DELEGADO ÉDER MAURO,PSD,2
108,56,FRED COSTA,Patriota,2
202,56,DARCÍSIO PERONDI,MDB,2
142,56,DR. LUIZ OVANDO,PSL,2
114,56,JULIO CESAR RIBEIRO,PRB,2
203,56,TALÍRIA PETRONE,PSOL,2
138,56,ELIAS VAZ,PSB,2
119,56,ORLANDO SILVA,PCdoB,2
7,56,DR. ZACHARIAS CALIL,DEM,2
137,56,MARIA ROSAS,PRB,2
4,56,SILVIA CRISTINA,PDT,2
2,56,MEDEIROS,PR,2
1,56,PASTOR SARGENTO ISIDÓRIO,Avante,2
129,56,EDUARDO BRAIDE,PMN,2
12,56,LUCAS VERGILIO,Solidariedade,2
99,56,JOSÉ NELTO,Podemos,2
51,56,CARLOS GOMES,PRB,2
96,56,FÁBIO MITIDIERI,PSD,2
186,56,MAGDA MOFATTO,PR,2
53,56,MARCEL VAN HATTEM,NOVO,2
48,56,MARCELO FREIXO,PSOL,2
182,56,LEANDRE,PV,2
187,56,DENIS BEZERRA,PSB,2
188,56,CHRIS TONIETTO,PSL,2
178,56,PAULO RAMOS,PDT,2
177,56,PAULO RAMOS,PTB,2
64,56,JÚNIOR BOZZELLA,PSL,2
67,56,SUBTENENTE GONZAGA,PDT,2
68,56,SANDERSON,PSL,2
192,56,DARCI DE MATOS,PSD,2
69,56,PAULO BENGTSON,PTB,2
131,56,CÉLIO STUDART,PV,2
193,56,DRA. SORAYA MANATO,PSL,2
27,56,DANRLEI DE DEUS HINTERHOLZ,PSD,2
37,56,MARCON,PT,2
197,56,JOSÉ MEDEIROS,Podemos,2
168,56,CARLOS VERAS,PT,2
162,56,VICENTINHO,PT,2
86,56,RODRIGO AGOSTINHO,PSB,2
84,56,HERCULANO PASSOS,MDB,2
85,56,CARLOS CHIODINI,MDB,2
185,56,ALICE PORTUGAL,PCdoB,3
174,56,KIM KATAGUIRI,DEM,3
143,56,VAVÁ MARTINS,PRB,3
148,56,FELÍCIO LATERÇA,PSL,3
139,56,FÁBIO HENRIQUE,PDT,3
154,56,OSSESIO SILVA,PRB,3
180,56,WOLNEY QUEIROZ,PDT,3
136,56,HENRIQUE FONTANA,PT,3
103,56,HUGO LEAL,PSD,3
207,56,CÉLIO SILVEIRA,PSDB,3
79,56,FELIPE CARRERAS,PSB,3
94,56,LAFAYETTE DE ANDRADA,PRB,3
78,56,LUIS MIRANDA,DEM,3
75,56,ALEXIS FONTEYNE,NOVO,3
71,56,ZÉ NETO,PT,3
98,56,DR. LUIZ ANTONIO TEIXEIRA JR.,PP,3
70,56,MARCELO RAMOS,PR,3
102,56,CAPITÃO WAGNER,PROS,3
60,56,LÍDICE DA MATA,PSB,3
55,56,JORGE BRAZ,PRB,3
83,56,JOÃO MAIA,PR,3
49,56,NILTO TATTO,PT,3
50,56,VITOR LIPPI,PSDB,3
40,56,DULCE MIRANDA,MDB,3
39,56,CORONEL CHRISÓSTOMO,PSL,3
32,56,JOÃO MAIA,DEM,3
116,56,MAURÍCIO DZIEDRICKI,PTB,3
28,56,PROFESSORA ROSA NEIDE,PT,3
26,56,BETO PEREIRA,PSDB,3
121,56,BENEDITA DA SILVA,PT,3
124,56,PROFESSOR JOZIEL,PSL,3
125,56,FÁBIO TRAD,PSD,3
43,56,TIAGO DIMAS,Solidariedade,3
87,56,JOSEILDO RAMOS,PT,3
184,56,AUREO RIBEIRO,Solidariedade,4
57,56,CELSO RUSSOMANNO,PRB,4
35,56,RICARDO IZAR,PP,4
20,56,JOSÉ NUNES,PSD,4
74,56,WALDENOR PEREIRA,PT,4
106,56,EMANUEL PINHEIRO NETO,PTB,4
118,56,GLAUBER BRAGA,PSOL,4
90,56,JORGE SOLLA,PT,4
117,56,IVAN VALENTE,PSOL,4
88,56,RICARDO IZAR,PTB,4
113,56,FILIPE BARROS,PSL,4
145,56,CARLA ZAMBELLI,PSL,4
109,56,MARIA DO ROSÁRIO,PT,5
111,56,FRANCISCO JR.,PSD,5
163,56,MARCELO NILO,PSB,5
144,56,WELITON PRADO,PROS,5
199,56,CARMEN ZANOTTO,Cidadania,5
47,56,PERPÉTUA ALMEIDA,PCdoB,6
141,56,ALEXANDRE PADILHA,PT,6
183,56,FÉLIX MENDONÇA JÚNIOR,PDT,6
149,56,CORONEL TADEU,PSL,6
42,56,REGINALDO LOPES,PT,6
127,56,CÉLIO MOURA,PT,6
82,56,JOÃO DANIEL,PT,6
173,56,FLÁVIA MORAIS,PDT,7
122,56,POMPEO DE MATTOS,PDT,7
81,56,ELI BORGES,Solidariedade,7
9,56,ROGÉRIO CORREIA,PT,7
112,56,LUIZ LIMA,PSL,7
157,56,ALENCAR SANTANA BRAGA,PT,7
76,56,EDMILSON RODRIGUES,PSOL,7
62,56,BOHN GASS,PT,8
65,56,SILVIO COSTA FILHO,PRB,8
204,56,TED CONTI,PSB,9
95,56,ALEXANDRE FROTA,PSL,9
151,56,CLEBER VERDE,PRB,10
10,56,HILDO ROCHA,MDB,10
101,56,JOSÉ RICARDO,PT,10
14,56,LOESTER TRUTIS,PSL,11
128,56,JÚLIO CESAR,PSD,11
45,56,MÁRCIO JERRY,PCdoB,11
41,56,VINICIUS POIT,NOVO,12
155,56,CEZINHA DE MADUREIRA,PSD,12
172,56,ROBERTO ALVES,PRB,12
5,56,MARGARIDA SALOMÃO,PT,12
58,56,ALEX SANTANA,PDT,13
36,56,ANGELA AMIN,PP,15
181,56,BIBO NUNES,PSL,16
147,56,SÂMIA BOMFIM,PSOL,16
66,56,ERIKA KOKAY,PT,21
